{
  "best_params": {
    "units1": 32,
    "units2": 8,
    "lr": 0.00044200189348348324,
    "l2": 0.0015246137955035573,
    "drop": 0.25
  },
  "seed": 42,
  "feature_count": 13,
  "saved_at": "22-08-2025-18:24:56"
}