{
    "f1": 0.3333333333333333,
    "acc": 0.631578947368421
}